Ligand,Binding Energy,Intermol Energy,Internal Energy,Torsional Energy,Unbound Energy,RMSD
macro_tratado_6edi_com_4uz_ligante_tratado_6edi_com_4uz,-2.76,-5.44,-3.19,2.68,-3.19,1.97
macro_tratado_6edi_com_4uz_ligante_tratado_6edi_com_4uz,-2.93,-5.62,-2.76,2.68,-2.76,2.13
macro_tratado_6edi_com_4uz_ligante_tratado_6edi_com_4uz,-3.74,-6.42,-2.16,2.68,-2.16,2.31
macro_tratado_6edi_com_4uz_ligante_tratado_6edi_com_4uz,-2.41,-5.1,-3.23,2.68,-3.23,2.38
macro_tratado_6edi_com_4uz_ligante_tratado_6edi_com_4uz,-2.66,-5.35,-3.25,2.68,-3.25,2.42
macro_tratado_6edi_com_4uz_ligante_tratado_6edi_com_4uz,-4.46,-7.14,-2.73,2.68,-2.73,2.46
macro_tratado_6edi_com_4uz_ligante_tratado_6edi_com_4uz,-4.22,-6.91,-2.39,2.68,-2.39,2.47
macro_tratado_6edi_com_4uz_ligante_tratado_6edi_com_4uz,-3.82,-6.51,-3.23,2.68,-3.23,2.49
macro_tratado_6edi_com_4uz_ligante_tratado_6edi_com_4uz,-3.72,-6.41,-3.01,2.68,-3.01,2.5
macro_tratado_6edi_com_4uz_ligante_tratado_6edi_com_4uz,-3.01,-5.7,-3.45,2.68,-3.45,2.51
macro_tratado_6edi_com_4uz_ligante_tratado_6edi_com_4uz,-3.1,-5.78,-2.88,2.68,-2.88,2.52
macro_tratado_6edi_com_4uz_ligante_tratado_6edi_com_4uz,-4.5,-7.18,-2.95,2.68,-2.95,2.55
macro_tratado_6edi_com_4uz_ligante_tratado_6edi_com_4uz,-4.25,-6.93,-2.16,2.68,-2.16,2.55
macro_tratado_6edi_com_4uz_ligante_tratado_6edi_com_4uz,-3.39,-6.07,-2.47,2.68,-2.47,2.57
macro_tratado_6edi_com_4uz_ligante_tratado_6edi_com_4uz,-4.12,-6.8,-2.77,2.68,-2.77,2.6
macro_tratado_6edi_com_4uz_ligante_tratado_6edi_com_4uz,-3.12,-5.81,-2.37,2.68,-2.37,2.61
macro_tratado_6edi_com_4uz_ligante_tratado_6edi_com_4uz,-4.24,-6.92,-2.45,2.68,-2.45,2.61
macro_tratado_6edi_com_4uz_ligante_tratado_6edi_com_4uz,-4.01,-6.69,-1.98,2.68,-1.98,2.62
macro_tratado_6edi_com_4uz_ligante_tratado_6edi_com_4uz,-3.95,-6.63,-2.72,2.68,-2.72,2.62
macro_tratado_6edi_com_4uz_ligante_tratado_6edi_com_4uz,-3.41,-6.09,-2.67,2.68,-2.67,2.63
macro_tratado_6edi_com_4uz_ligante_tratado_6edi_com_4uz,-4.16,-6.84,-2.37,2.68,-2.37,2.65
macro_tratado_6edi_com_4uz_ligante_tratado_6edi_com_4uz,-4.39,-7.07,-2.58,2.68,-2.58,2.66
macro_tratado_6edi_com_4uz_ligante_tratado_6edi_com_4uz,-3.96,-6.64,-2.71,2.68,-2.71,2.66
macro_tratado_6edi_com_4uz_ligante_tratado_6edi_com_4uz,-4.0,-6.68,-3.19,2.68,-3.19,2.67
macro_tratado_6edi_com_4uz_ligante_tratado_6edi_com_4uz,-4.1,-6.79,-3.08,2.68,-3.08,2.7
macro_tratado_6edi_com_4uz_ligante_tratado_6edi_com_4uz,-3.55,-6.23,-2.43,2.68,-2.43,2.71
macro_tratado_6edi_com_4uz_ligante_tratado_6edi_com_4uz,-4.94,-7.62,-2.12,2.68,-2.12,2.74
macro_tratado_6edi_com_4uz_ligante_tratado_6edi_com_4uz,-3.85,-6.54,-2.93,2.68,-2.93,2.77
macro_tratado_6edi_com_4uz_ligante_tratado_6edi_com_4uz,-4.11,-6.79,-2.67,2.68,-2.67,2.77
macro_tratado_6edi_com_4uz_ligante_tratado_6edi_com_4uz,-4.48,-7.16,-2.76,2.68,-2.76,2.81
macro_tratado_6edi_com_4uz_ligante_tratado_6edi_com_4uz,-3.68,-6.37,-2.16,2.68,-2.16,2.82
macro_tratado_6edi_com_4uz_ligante_tratado_6edi_com_4uz,-4.12,-6.8,-2.43,2.68,-2.43,2.85
macro_tratado_6edi_com_4uz_ligante_tratado_6edi_com_4uz,-3.81,-6.5,-2.9,2.68,-2.9,2.88
macro_tratado_6edi_com_4uz_ligante_tratado_6edi_com_4uz,-3.91,-6.59,-3.02,2.68,-3.02,2.9
macro_tratado_6edi_com_4uz_ligante_tratado_6edi_com_4uz,-4.64,-7.33,-2.28,2.68,-2.28,2.92
macro_tratado_6edi_com_4uz_ligante_tratado_6edi_com_4uz,-3.41,-6.09,-2.48,2.68,-2.48,2.93
macro_tratado_6edi_com_4uz_ligante_tratado_6edi_com_4uz,-5.05,-7.73,-2.1,2.68,-2.1,2.94
macro_tratado_6edi_com_4uz_ligante_tratado_6edi_com_4uz,-2.95,-5.63,-2.85,2.68,-2.85,2.96
macro_tratado_6edi_com_4uz_ligante_tratado_6edi_com_4uz,-4.94,-7.62,-2.6,2.68,-2.6,2.97
macro_tratado_6edi_com_4uz_ligante_tratado_6edi_com_4uz,-3.8,-6.49,-2.02,2.68,-2.02,2.98
macro_tratado_6edi_com_4uz_ligante_tratado_6edi_com_4uz,-2.31,-4.99,-3.3,2.68,-3.3,2.99
macro_tratado_6edi_com_4uz_ligante_tratado_6edi_com_4uz,-3.2,-5.89,-2.68,2.68,-2.68,2.99
macro_tratado_6edi_com_4uz_ligante_tratado_6edi_com_4uz,-3.96,-6.65,-1.99,2.68,-1.99,3.03
macro_tratado_6edi_com_4uz_ligante_tratado_6edi_com_4uz,-4.72,-7.4,-2.05,2.68,-2.05,3.05
macro_tratado_6edi_com_4uz_ligante_tratado_6edi_com_4uz,-2.41,-5.09,-3.52,2.68,-3.52,3.05
macro_tratado_6edi_com_4uz_ligante_tratado_6edi_com_4uz,-3.63,-6.31,-1.7,2.68,-1.7,3.06
macro_tratado_6edi_com_4uz_ligante_tratado_6edi_com_4uz,-3.9,-6.59,-1.78,2.68,-1.78,3.07
macro_tratado_6edi_com_4uz_ligante_tratado_6edi_com_4uz,-3.93,-6.61,-2.03,2.68,-2.03,3.11
macro_tratado_6edi_com_4uz_ligante_tratado_6edi_com_4uz,-2.46,-5.14,-3.46,2.68,-3.46,3.13
macro_tratado_6edi_com_4uz_ligante_tratado_6edi_com_4uz,-2.91,-5.6,-3.52,2.68,-3.52,3.16
macro_tratado_6edi_com_4uz_ligante_tratado_6edi_com_4uz,-3.79,-6.47,-2.37,2.68,-2.37,3.16
macro_tratado_6edi_com_4uz_ligante_tratado_6edi_com_4uz,-3.52,-6.21,-2.53,2.68,-2.53,3.17
macro_tratado_6edi_com_4uz_ligante_tratado_6edi_com_4uz,-2.87,-5.55,-3.39,2.68,-3.39,3.19
macro_tratado_6edi_com_4uz_ligante_tratado_6edi_com_4uz,-3.02,-5.7,-2.57,2.68,-2.57,3.22
macro_tratado_6edi_com_4uz_ligante_tratado_6edi_com_4uz,-3.06,-5.74,-2.69,2.68,-2.69,3.22
macro_tratado_6edi_com_4uz_ligante_tratado_6edi_com_4uz,-4.13,-6.82,-2.82,2.68,-2.82,3.26
macro_tratado_6edi_com_4uz_ligante_tratado_6edi_com_4uz,-3.16,-5.84,-2.59,2.68,-2.59,3.32
macro_tratado_6edi_com_4uz_ligante_tratado_6edi_com_4uz,-2.84,-5.53,-2.39,2.68,-2.39,3.35
macro_tratado_6edi_com_4uz_ligante_tratado_6edi_com_4uz,-3.83,-6.52,-2.46,2.68,-2.46,3.35
macro_tratado_6edi_com_4uz_ligante_tratado_6edi_com_4uz,-2.19,-4.87,-2.64,2.68,-2.64,3.39
macro_tratado_6edi_com_4uz_ligante_tratado_6edi_com_4uz,-3.62,-6.3,-2.15,2.68,-2.15,3.43
macro_tratado_6edi_com_4uz_ligante_tratado_6edi_com_4uz,-3.0,-5.69,-2.38,2.68,-2.38,3.45
macro_tratado_6edi_com_4uz_ligante_tratado_6edi_com_4uz,-4.14,-6.83,-1.92,2.68,-1.92,3.45
macro_tratado_6edi_com_4uz_ligante_tratado_6edi_com_4uz,-3.55,-6.24,-2.08,2.68,-2.08,3.47
macro_tratado_6edi_com_4uz_ligante_tratado_6edi_com_4uz,-4.03,-6.72,-1.52,2.68,-1.52,3.47
macro_tratado_6edi_com_4uz_ligante_tratado_6edi_com_4uz,-4.27,-6.96,-2.24,2.68,-2.24,3.49
macro_tratado_6edi_com_4uz_ligante_tratado_6edi_com_4uz,-3.46,-6.15,-2.46,2.68,-2.46,3.49
macro_tratado_6edi_com_4uz_ligante_tratado_6edi_com_4uz,-4.57,-7.25,-2.56,2.68,-2.56,3.5
macro_tratado_6edi_com_4uz_ligante_tratado_6edi_com_4uz,-3.1,-5.78,-2.62,2.68,-2.62,3.56
macro_tratado_6edi_com_4uz_ligante_tratado_6edi_com_4uz,-3.07,-5.75,-3.14,2.68,-3.14,3.58
macro_tratado_6edi_com_4uz_ligante_tratado_6edi_com_4uz,-3.9,-6.58,-2.74,2.68,-2.74,3.58
macro_tratado_6edi_com_4uz_ligante_tratado_6edi_com_4uz,-3.78,-6.47,-2.41,2.68,-2.41,3.59
macro_tratado_6edi_com_4uz_ligante_tratado_6edi_com_4uz,-4.03,-6.72,-2.68,2.68,-2.68,3.59
macro_tratado_6edi_com_4uz_ligante_tratado_6edi_com_4uz,-4.49,-7.17,-1.84,2.68,-1.84,3.6
macro_tratado_6edi_com_4uz_ligante_tratado_6edi_com_4uz,-3.21,-5.9,-2.32,2.68,-2.32,3.61
macro_tratado_6edi_com_4uz_ligante_tratado_6edi_com_4uz,-3.37,-6.05,-3.12,2.68,-3.12,3.65
macro_tratado_6edi_com_4uz_ligante_tratado_6edi_com_4uz,-3.4,-6.08,-2.9,2.68,-2.9,3.66
macro_tratado_6edi_com_4uz_ligante_tratado_6edi_com_4uz,-3.48,-6.16,-2.16,2.68,-2.16,3.68
macro_tratado_6edi_com_4uz_ligante_tratado_6edi_com_4uz,-4.68,-7.36,-2.47,2.68,-2.47,3.69
macro_tratado_6edi_com_4uz_ligante_tratado_6edi_com_4uz,-4.55,-7.24,-2.4,2.68,-2.4,3.74
macro_tratado_6edi_com_4uz_ligante_tratado_6edi_com_4uz,-4.04,-6.72,-2.09,2.68,-2.09,3.74
macro_tratado_6edi_com_4uz_ligante_tratado_6edi_com_4uz,-3.34,-6.03,-3.15,2.68,-3.15,3.74
macro_tratado_6edi_com_4uz_ligante_tratado_6edi_com_4uz,-3.53,-6.22,-2.68,2.68,-2.68,3.78
macro_tratado_6edi_com_4uz_ligante_tratado_6edi_com_4uz,-4.52,-7.2,-3.06,2.68,-3.06,3.79
macro_tratado_6edi_com_4uz_ligante_tratado_6edi_com_4uz,-4.11,-6.8,-1.91,2.68,-1.91,3.8
macro_tratado_6edi_com_4uz_ligante_tratado_6edi_com_4uz,-4.75,-7.43,-1.97,2.68,-1.97,3.81
macro_tratado_6edi_com_4uz_ligante_tratado_6edi_com_4uz,-2.86,-5.55,-2.74,2.68,-2.74,3.81
macro_tratado_6edi_com_4uz_ligante_tratado_6edi_com_4uz,-4.2,-6.88,-1.91,2.68,-1.91,3.82
macro_tratado_6edi_com_4uz_ligante_tratado_6edi_com_4uz,-4.13,-6.82,-1.97,2.68,-1.97,3.82
macro_tratado_6edi_com_4uz_ligante_tratado_6edi_com_4uz,-3.46,-6.15,-2.67,2.68,-2.67,3.82
macro_tratado_6edi_com_4uz_ligante_tratado_6edi_com_4uz,-3.04,-5.72,-3.25,2.68,-3.25,3.82
macro_tratado_6edi_com_4uz_ligante_tratado_6edi_com_4uz,-2.6,-5.28,-3.08,2.68,-3.08,3.83
macro_tratado_6edi_com_4uz_ligante_tratado_6edi_com_4uz,-4.38,-7.07,-1.85,2.68,-1.85,3.84
macro_tratado_6edi_com_4uz_ligante_tratado_6edi_com_4uz,-3.79,-6.47,-1.8,2.68,-1.8,3.85
macro_tratado_6edi_com_4uz_ligante_tratado_6edi_com_4uz,-3.87,-6.56,-2.98,2.68,-2.98,3.85
macro_tratado_6edi_com_4uz_ligante_tratado_6edi_com_4uz,-2.47,-5.15,-2.44,2.68,-2.44,3.86
macro_tratado_6edi_com_4uz_ligante_tratado_6edi_com_4uz,-3.07,-5.76,-3.03,2.68,-3.03,3.86
macro_tratado_6edi_com_4uz_ligante_tratado_6edi_com_4uz,-3.78,-6.46,-1.99,2.68,-1.99,3.89
macro_tratado_6edi_com_4uz_ligante_tratado_6edi_com_4uz,-5.08,-7.76,-2.56,2.68,-2.56,3.89
macro_tratado_6edi_com_4uz_ligante_tratado_6edi_com_4uz,-4.27,-6.95,-2.4,2.68,-2.4,3.93
macro_tratado_6edi_com_4uz_ligante_tratado_6edi_com_4uz,-3.51,-6.2,-2.81,2.68,-2.81,3.93
macro_tratado_6edi_com_4uz_ligante_tratado_6edi_com_4uz,-3.85,-6.54,-1.89,2.68,-1.89,3.95
macro_tratado_6edi_com_4uz_ligante_tratado_6edi_com_4uz,-3.37,-6.06,-2.65,2.68,-2.65,3.97
macro_tratado_6edi_com_4uz_ligante_tratado_6edi_com_4uz,-4.45,-7.13,-1.77,2.68,-1.77,4.0
macro_tratado_6edi_com_4uz_ligante_tratado_6edi_com_4uz,-3.61,-6.29,-2.26,2.68,-2.26,4.01
macro_tratado_6edi_com_4uz_ligante_tratado_6edi_com_4uz,-3.62,-6.3,-1.94,2.68,-1.94,4.01
macro_tratado_6edi_com_4uz_ligante_tratado_6edi_com_4uz,-3.33,-6.01,-2.11,2.68,-2.11,4.02
macro_tratado_6edi_com_4uz_ligante_tratado_6edi_com_4uz,-3.33,-6.02,-2.44,2.68,-2.44,4.05
macro_tratado_6edi_com_4uz_ligante_tratado_6edi_com_4uz,-3.03,-5.71,-3.39,2.68,-3.39,4.05
macro_tratado_6edi_com_4uz_ligante_tratado_6edi_com_4uz,-3.6,-6.28,-2.21,2.68,-2.21,4.06
macro_tratado_6edi_com_4uz_ligante_tratado_6edi_com_4uz,-3.36,-6.05,-2.86,2.68,-2.86,4.07
macro_tratado_6edi_com_4uz_ligante_tratado_6edi_com_4uz,-3.82,-6.5,-2.19,2.68,-2.19,4.09
macro_tratado_6edi_com_4uz_ligante_tratado_6edi_com_4uz,-4.83,-7.52,-2.02,2.68,-2.02,4.11
macro_tratado_6edi_com_4uz_ligante_tratado_6edi_com_4uz,-4.31,-6.99,-2.6,2.68,-2.6,4.11
macro_tratado_6edi_com_4uz_ligante_tratado_6edi_com_4uz,-4.75,-7.44,-2.97,2.68,-2.97,4.12
macro_tratado_6edi_com_4uz_ligante_tratado_6edi_com_4uz,-3.31,-6.0,-2.66,2.68,-2.66,4.13
macro_tratado_6edi_com_4uz_ligante_tratado_6edi_com_4uz,-4.7,-7.38,-1.62,2.68,-1.62,4.13
macro_tratado_6edi_com_4uz_ligante_tratado_6edi_com_4uz,-5.17,-7.86,-2.5,2.68,-2.5,4.13
macro_tratado_6edi_com_4uz_ligante_tratado_6edi_com_4uz,-3.88,-6.56,-2.79,2.68,-2.79,4.14
macro_tratado_6edi_com_4uz_ligante_tratado_6edi_com_4uz,-4.42,-7.11,-3.05,2.68,-3.05,4.16
macro_tratado_6edi_com_4uz_ligante_tratado_6edi_com_4uz,-4.06,-6.75,-2.69,2.68,-2.69,4.16
macro_tratado_6edi_com_4uz_ligante_tratado_6edi_com_4uz,-3.77,-6.46,-2.49,2.68,-2.49,4.16
macro_tratado_6edi_com_4uz_ligante_tratado_6edi_com_4uz,-4.63,-7.31,-2.65,2.68,-2.65,4.16
macro_tratado_6edi_com_4uz_ligante_tratado_6edi_com_4uz,-3.58,-6.26,-2.67,2.68,-2.67,4.17
macro_tratado_6edi_com_4uz_ligante_tratado_6edi_com_4uz,-4.53,-7.21,-2.61,2.68,-2.61,4.18
macro_tratado_6edi_com_4uz_ligante_tratado_6edi_com_4uz,-3.81,-6.5,-2.68,2.68,-2.68,4.18
macro_tratado_6edi_com_4uz_ligante_tratado_6edi_com_4uz,-3.87,-6.55,-1.93,2.68,-1.93,4.18
macro_tratado_6edi_com_4uz_ligante_tratado_6edi_com_4uz,-4.09,-6.78,-2.98,2.68,-2.98,4.19
macro_tratado_6edi_com_4uz_ligante_tratado_6edi_com_4uz,-4.68,-7.37,-2.1,2.68,-2.1,4.2
macro_tratado_6edi_com_4uz_ligante_tratado_6edi_com_4uz,-2.62,-5.3,-3.09,2.68,-3.09,4.2
macro_tratado_6edi_com_4uz_ligante_tratado_6edi_com_4uz,-4.72,-7.4,-2.38,2.68,-2.38,4.21
macro_tratado_6edi_com_4uz_ligante_tratado_6edi_com_4uz,-5.22,-7.9,-1.83,2.68,-1.83,4.22
macro_tratado_6edi_com_4uz_ligante_tratado_6edi_com_4uz,-4.73,-7.42,-2.65,2.68,-2.65,4.22
macro_tratado_6edi_com_4uz_ligante_tratado_6edi_com_4uz,-3.4,-6.08,-2.65,2.68,-2.65,4.23
macro_tratado_6edi_com_4uz_ligante_tratado_6edi_com_4uz,-4.76,-7.45,-2.9,2.68,-2.9,4.24
macro_tratado_6edi_com_4uz_ligante_tratado_6edi_com_4uz,-4.29,-6.97,-2.43,2.68,-2.43,4.24
macro_tratado_6edi_com_4uz_ligante_tratado_6edi_com_4uz,-2.87,-5.56,-2.99,2.68,-2.99,4.25
macro_tratado_6edi_com_4uz_ligante_tratado_6edi_com_4uz,-5.59,-8.27,-1.24,2.68,-1.24,4.25
macro_tratado_6edi_com_4uz_ligante_tratado_6edi_com_4uz,-3.96,-6.65,-2.61,2.68,-2.61,4.29
macro_tratado_6edi_com_4uz_ligante_tratado_6edi_com_4uz,-2.35,-5.04,-3.14,2.68,-3.14,4.31
macro_tratado_6edi_com_4uz_ligante_tratado_6edi_com_4uz,-3.98,-6.66,-2.46,2.68,-2.46,4.32
macro_tratado_6edi_com_4uz_ligante_tratado_6edi_com_4uz,-3.54,-6.22,-3.06,2.68,-3.06,4.34
macro_tratado_6edi_com_4uz_ligante_tratado_6edi_com_4uz,-5.64,-8.32,-1.87,2.68,-1.87,4.34
macro_tratado_6edi_com_4uz_ligante_tratado_6edi_com_4uz,-3.1,-5.79,-3.08,2.68,-3.08,4.35
macro_tratado_6edi_com_4uz_ligante_tratado_6edi_com_4uz,-2.82,-5.5,-2.89,2.68,-2.89,4.36
macro_tratado_6edi_com_4uz_ligante_tratado_6edi_com_4uz,-3.7,-6.39,-3.15,2.68,-3.15,4.36
macro_tratado_6edi_com_4uz_ligante_tratado_6edi_com_4uz,-4.08,-6.77,-2.33,2.68,-2.33,4.36
macro_tratado_6edi_com_4uz_ligante_tratado_6edi_com_4uz,-3.59,-6.27,-2.84,2.68,-2.84,4.37
macro_tratado_6edi_com_4uz_ligante_tratado_6edi_com_4uz,-4.32,-7.0,-2.51,2.68,-2.51,4.37
macro_tratado_6edi_com_4uz_ligante_tratado_6edi_com_4uz,-3.86,-6.55,-2.81,2.68,-2.81,4.39
macro_tratado_6edi_com_4uz_ligante_tratado_6edi_com_4uz,-2.81,-5.5,-2.74,2.68,-2.74,4.39
macro_tratado_6edi_com_4uz_ligante_tratado_6edi_com_4uz,-3.14,-5.82,-2.77,2.68,-2.77,4.41
macro_tratado_6edi_com_4uz_ligante_tratado_6edi_com_4uz,-2.91,-5.6,-2.81,2.68,-2.81,4.42
macro_tratado_6edi_com_4uz_ligante_tratado_6edi_com_4uz,-2.89,-5.57,-3.32,2.68,-3.32,4.43
macro_tratado_6edi_com_4uz_ligante_tratado_6edi_com_4uz,-4.1,-6.78,-1.73,2.68,-1.73,4.43
macro_tratado_6edi_com_4uz_ligante_tratado_6edi_com_4uz,-2.59,-5.27,-3.1,2.68,-3.1,4.43
macro_tratado_6edi_com_4uz_ligante_tratado_6edi_com_4uz,-3.01,-5.69,-3.2,2.68,-3.2,4.44
macro_tratado_6edi_com_4uz_ligante_tratado_6edi_com_4uz,-3.73,-6.41,-2.3,2.68,-2.3,4.44
macro_tratado_6edi_com_4uz_ligante_tratado_6edi_com_4uz,-3.83,-6.52,-3.2,2.68,-3.2,4.47
macro_tratado_6edi_com_4uz_ligante_tratado_6edi_com_4uz,-4.51,-7.19,-3.57,2.68,-3.57,4.48
macro_tratado_6edi_com_4uz_ligante_tratado_6edi_com_4uz,-2.98,-5.67,-2.84,2.68,-2.84,4.49
macro_tratado_6edi_com_4uz_ligante_tratado_6edi_com_4uz,-4.54,-7.22,-2.43,2.68,-2.43,4.49
macro_tratado_6edi_com_4uz_ligante_tratado_6edi_com_4uz,-4.11,-6.8,-2.75,2.68,-2.75,4.5
macro_tratado_6edi_com_4uz_ligante_tratado_6edi_com_4uz,-4.69,-7.37,-2.99,2.68,-2.99,4.51
macro_tratado_6edi_com_4uz_ligante_tratado_6edi_com_4uz,-3.82,-6.51,-2.52,2.68,-2.52,4.51
macro_tratado_6edi_com_4uz_ligante_tratado_6edi_com_4uz,-4.49,-7.17,-2.37,2.68,-2.37,4.51
macro_tratado_6edi_com_4uz_ligante_tratado_6edi_com_4uz,-3.22,-5.9,-2.07,2.68,-2.07,4.51
macro_tratado_6edi_com_4uz_ligante_tratado_6edi_com_4uz,-3.98,-6.66,-2.81,2.68,-2.81,4.52
macro_tratado_6edi_com_4uz_ligante_tratado_6edi_com_4uz,-3.36,-6.04,-2.84,2.68,-2.84,4.52
macro_tratado_6edi_com_4uz_ligante_tratado_6edi_com_4uz,-3.36,-6.04,-2.3,2.68,-2.3,4.53
macro_tratado_6edi_com_4uz_ligante_tratado_6edi_com_4uz,-3.92,-6.61,-1.77,2.68,-1.77,4.53
macro_tratado_6edi_com_4uz_ligante_tratado_6edi_com_4uz,-3.7,-6.39,-2.11,2.68,-2.11,4.53
macro_tratado_6edi_com_4uz_ligante_tratado_6edi_com_4uz,-3.06,-5.74,-2.51,2.68,-2.51,4.54
macro_tratado_6edi_com_4uz_ligante_tratado_6edi_com_4uz,-3.85,-6.53,-2.45,2.68,-2.45,4.54
macro_tratado_6edi_com_4uz_ligante_tratado_6edi_com_4uz,-3.77,-6.45,-3.27,2.68,-3.27,4.54
macro_tratado_6edi_com_4uz_ligante_tratado_6edi_com_4uz,-3.36,-6.05,-3.01,2.68,-3.01,4.54
macro_tratado_6edi_com_4uz_ligante_tratado_6edi_com_4uz,-3.89,-6.57,-2.32,2.68,-2.32,4.55
macro_tratado_6edi_com_4uz_ligante_tratado_6edi_com_4uz,-3.95,-6.64,-2.34,2.68,-2.34,4.55
macro_tratado_6edi_com_4uz_ligante_tratado_6edi_com_4uz,-3.03,-5.72,-3.11,2.68,-3.11,4.55
macro_tratado_6edi_com_4uz_ligante_tratado_6edi_com_4uz,-2.22,-4.91,-3.28,2.68,-3.28,4.56
macro_tratado_6edi_com_4uz_ligante_tratado_6edi_com_4uz,-3.96,-6.64,-1.86,2.68,-1.86,4.59
macro_tratado_6edi_com_4uz_ligante_tratado_6edi_com_4uz,-4.94,-7.63,-2.57,2.68,-2.57,4.6
macro_tratado_6edi_com_4uz_ligante_tratado_6edi_com_4uz,-4.02,-6.7,-1.83,2.68,-1.83,4.6
macro_tratado_6edi_com_4uz_ligante_tratado_6edi_com_4uz,-3.85,-6.53,-2.12,2.68,-2.12,4.61
macro_tratado_6edi_com_4uz_ligante_tratado_6edi_com_4uz,-4.47,-7.15,-2.45,2.68,-2.45,4.61
macro_tratado_6edi_com_4uz_ligante_tratado_6edi_com_4uz,-4.27,-6.95,-2.19,2.68,-2.19,4.61
macro_tratado_6edi_com_4uz_ligante_tratado_6edi_com_4uz,-3.4,-6.09,-2.35,2.68,-2.35,4.62
macro_tratado_6edi_com_4uz_ligante_tratado_6edi_com_4uz,-3.84,-6.53,-1.97,2.68,-1.97,4.62
macro_tratado_6edi_com_4uz_ligante_tratado_6edi_com_4uz,-3.11,-5.79,-2.46,2.68,-2.46,4.62
macro_tratado_6edi_com_4uz_ligante_tratado_6edi_com_4uz,-4.77,-7.46,-2.69,2.68,-2.69,4.62
macro_tratado_6edi_com_4uz_ligante_tratado_6edi_com_4uz,-3.71,-6.39,-2.61,2.68,-2.61,4.63
macro_tratado_6edi_com_4uz_ligante_tratado_6edi_com_4uz,-4.21,-6.9,-2.92,2.68,-2.92,4.63
macro_tratado_6edi_com_4uz_ligante_tratado_6edi_com_4uz,-2.96,-5.65,-2.6,2.68,-2.6,4.63
macro_tratado_6edi_com_4uz_ligante_tratado_6edi_com_4uz,-3.8,-6.49,-2.07,2.68,-2.07,4.64
macro_tratado_6edi_com_4uz_ligante_tratado_6edi_com_4uz,-4.41,-7.09,-1.67,2.68,-1.67,4.64
macro_tratado_6edi_com_4uz_ligante_tratado_6edi_com_4uz,-4.0,-6.69,-3.0,2.68,-3.0,4.64
macro_tratado_6edi_com_4uz_ligante_tratado_6edi_com_4uz,-4.21,-6.89,-2.15,2.68,-2.15,4.65
macro_tratado_6edi_com_4uz_ligante_tratado_6edi_com_4uz,-4.17,-6.86,-3.18,2.68,-3.18,4.65
macro_tratado_6edi_com_4uz_ligante_tratado_6edi_com_4uz,-3.23,-5.92,-3.0,2.68,-3.0,4.65
macro_tratado_6edi_com_4uz_ligante_tratado_6edi_com_4uz,-3.73,-6.42,-2.53,2.68,-2.53,4.66
macro_tratado_6edi_com_4uz_ligante_tratado_6edi_com_4uz,-2.95,-5.64,-1.99,2.68,-1.99,4.66
macro_tratado_6edi_com_4uz_ligante_tratado_6edi_com_4uz,-3.5,-6.19,-2.35,2.68,-2.35,4.67
macro_tratado_6edi_com_4uz_ligante_tratado_6edi_com_4uz,-3.77,-6.46,-2.49,2.68,-2.49,4.68
macro_tratado_6edi_com_4uz_ligante_tratado_6edi_com_4uz,-4.5,-7.19,-2.67,2.68,-2.67,4.68
macro_tratado_6edi_com_4uz_ligante_tratado_6edi_com_4uz,-2.61,-5.29,-3.3,2.68,-3.3,4.69
macro_tratado_6edi_com_4uz_ligante_tratado_6edi_com_4uz,-4.23,-6.92,-3.09,2.68,-3.09,4.69
macro_tratado_6edi_com_4uz_ligante_tratado_6edi_com_4uz,-3.69,-6.37,-2.35,2.68,-2.35,4.69
macro_tratado_6edi_com_4uz_ligante_tratado_6edi_com_4uz,-3.04,-5.72,-2.68,2.68,-2.68,4.7
macro_tratado_6edi_com_4uz_ligante_tratado_6edi_com_4uz,-3.15,-5.83,-2.37,2.68,-2.37,4.7
macro_tratado_6edi_com_4uz_ligante_tratado_6edi_com_4uz,-3.21,-5.89,-3.13,2.68,-3.13,4.7
macro_tratado_6edi_com_4uz_ligante_tratado_6edi_com_4uz,-4.2,-6.88,-2.26,2.68,-2.26,4.71
macro_tratado_6edi_com_4uz_ligante_tratado_6edi_com_4uz,-3.39,-6.07,-2.68,2.68,-2.68,4.71
macro_tratado_6edi_com_4uz_ligante_tratado_6edi_com_4uz,-3.76,-6.45,-2.39,2.68,-2.39,4.71
macro_tratado_6edi_com_4uz_ligante_tratado_6edi_com_4uz,-3.1,-5.78,-2.86,2.68,-2.86,4.71
macro_tratado_6edi_com_4uz_ligante_tratado_6edi_com_4uz,-2.23,-4.91,-3.54,2.68,-3.54,4.72
macro_tratado_6edi_com_4uz_ligante_tratado_6edi_com_4uz,-4.29,-6.97,-2.95,2.68,-2.95,4.73
macro_tratado_6edi_com_4uz_ligante_tratado_6edi_com_4uz,-2.67,-5.35,-3.22,2.68,-3.22,4.73
macro_tratado_6edi_com_4uz_ligante_tratado_6edi_com_4uz,-4.86,-7.55,-2.97,2.68,-2.97,4.73
macro_tratado_6edi_com_4uz_ligante_tratado_6edi_com_4uz,-3.35,-6.03,-2.78,2.68,-2.78,4.73
macro_tratado_6edi_com_4uz_ligante_tratado_6edi_com_4uz,-3.6,-6.28,-2.46,2.68,-2.46,4.74
macro_tratado_6edi_com_4uz_ligante_tratado_6edi_com_4uz,-4.11,-6.79,-2.45,2.68,-2.45,4.74
macro_tratado_6edi_com_4uz_ligante_tratado_6edi_com_4uz,-3.75,-6.43,-2.64,2.68,-2.64,4.74
macro_tratado_6edi_com_4uz_ligante_tratado_6edi_com_4uz,-2.85,-5.53,-3.4,2.68,-3.4,4.74
macro_tratado_6edi_com_4uz_ligante_tratado_6edi_com_4uz,-3.68,-6.36,-2.55,2.68,-2.55,4.74
macro_tratado_6edi_com_4uz_ligante_tratado_6edi_com_4uz,-3.62,-6.31,-2.76,2.68,-2.76,4.75
macro_tratado_6edi_com_4uz_ligante_tratado_6edi_com_4uz,-4.44,-7.13,-2.4,2.68,-2.4,4.75
macro_tratado_6edi_com_4uz_ligante_tratado_6edi_com_4uz,-4.65,-7.33,-2.87,2.68,-2.87,4.75
macro_tratado_6edi_com_4uz_ligante_tratado_6edi_com_4uz,-4.85,-7.53,-3.14,2.68,-3.14,4.75
macro_tratado_6edi_com_4uz_ligante_tratado_6edi_com_4uz,-2.41,-5.09,-3.36,2.68,-3.36,4.75
macro_tratado_6edi_com_4uz_ligante_tratado_6edi_com_4uz,-2.88,-5.57,-2.83,2.68,-2.83,4.76
macro_tratado_6edi_com_4uz_ligante_tratado_6edi_com_4uz,-4.09,-6.78,-3.02,2.68,-3.02,4.77
macro_tratado_6edi_com_4uz_ligante_tratado_6edi_com_4uz,-4.14,-6.83,-2.99,2.68,-2.99,4.78
macro_tratado_6edi_com_4uz_ligante_tratado_6edi_com_4uz,-3.56,-6.24,-2.53,2.68,-2.53,4.78
macro_tratado_6edi_com_4uz_ligante_tratado_6edi_com_4uz,-3.29,-5.98,-2.31,2.68,-2.31,4.78
macro_tratado_6edi_com_4uz_ligante_tratado_6edi_com_4uz,-4.19,-6.87,-1.82,2.68,-1.82,4.79
macro_tratado_6edi_com_4uz_ligante_tratado_6edi_com_4uz,-2.34,-5.03,-3.44,2.68,-3.44,4.8
macro_tratado_6edi_com_4uz_ligante_tratado_6edi_com_4uz,-3.65,-6.33,-2.48,2.68,-2.48,4.81
macro_tratado_6edi_com_4uz_ligante_tratado_6edi_com_4uz,-2.87,-5.55,-3.05,2.68,-3.05,4.82
macro_tratado_6edi_com_4uz_ligante_tratado_6edi_com_4uz,-3.64,-6.32,-2.63,2.68,-2.63,4.82
macro_tratado_6edi_com_4uz_ligante_tratado_6edi_com_4uz,-2.74,-5.42,-2.97,2.68,-2.97,4.82
macro_tratado_6edi_com_4uz_ligante_tratado_6edi_com_4uz,-2.69,-5.37,-2.82,2.68,-2.82,4.82
macro_tratado_6edi_com_4uz_ligante_tratado_6edi_com_4uz,-3.53,-6.21,-2.26,2.68,-2.26,4.82
macro_tratado_6edi_com_4uz_ligante_tratado_6edi_com_4uz,-3.23,-5.92,-2.75,2.68,-2.75,4.82
macro_tratado_6edi_com_4uz_ligante_tratado_6edi_com_4uz,-2.8,-5.48,-3.22,2.68,-3.22,4.83
macro_tratado_6edi_com_4uz_ligante_tratado_6edi_com_4uz,-2.48,-5.16,-3.25,2.68,-3.25,4.83
macro_tratado_6edi_com_4uz_ligante_tratado_6edi_com_4uz,-3.63,-6.32,-2.27,2.68,-2.27,4.83
macro_tratado_6edi_com_4uz_ligante_tratado_6edi_com_4uz,-4.18,-6.86,-2.55,2.68,-2.55,4.83
macro_tratado_6edi_com_4uz_ligante_tratado_6edi_com_4uz,-3.05,-5.74,-2.95,2.68,-2.95,4.84
macro_tratado_6edi_com_4uz_ligante_tratado_6edi_com_4uz,-3.1,-5.78,-2.7,2.68,-2.7,4.85
macro_tratado_6edi_com_4uz_ligante_tratado_6edi_com_4uz,-3.91,-6.6,-2.25,2.68,-2.25,4.86
macro_tratado_6edi_com_4uz_ligante_tratado_6edi_com_4uz,-3.56,-6.24,-2.68,2.68,-2.68,4.86
macro_tratado_6edi_com_4uz_ligante_tratado_6edi_com_4uz,-3.56,-6.24,-2.69,2.68,-2.69,4.86
macro_tratado_6edi_com_4uz_ligante_tratado_6edi_com_4uz,-4.36,-7.04,-3.04,2.68,-3.04,4.86
macro_tratado_6edi_com_4uz_ligante_tratado_6edi_com_4uz,-2.56,-5.25,-3.17,2.68,-3.17,4.86
macro_tratado_6edi_com_4uz_ligante_tratado_6edi_com_4uz,-5.28,-7.97,-2.57,2.68,-2.57,4.87
macro_tratado_6edi_com_4uz_ligante_tratado_6edi_com_4uz,-3.69,-6.38,-2.07,2.68,-2.07,4.87
macro_tratado_6edi_com_4uz_ligante_tratado_6edi_com_4uz,-3.62,-6.3,-2.65,2.68,-2.65,4.87
macro_tratado_6edi_com_4uz_ligante_tratado_6edi_com_4uz,-3.98,-6.67,-2.11,2.68,-2.11,4.88
macro_tratado_6edi_com_4uz_ligante_tratado_6edi_com_4uz,-4.33,-7.02,-2.76,2.68,-2.76,4.88
macro_tratado_6edi_com_4uz_ligante_tratado_6edi_com_4uz,-2.66,-5.34,-2.67,2.68,-2.67,4.89
macro_tratado_6edi_com_4uz_ligante_tratado_6edi_com_4uz,-3.89,-6.57,-1.84,2.68,-1.84,4.9
macro_tratado_6edi_com_4uz_ligante_tratado_6edi_com_4uz,-3.97,-6.65,-3.11,2.68,-3.11,4.9
macro_tratado_6edi_com_4uz_ligante_tratado_6edi_com_4uz,-4.34,-7.03,-2.44,2.68,-2.44,4.91
macro_tratado_6edi_com_4uz_ligante_tratado_6edi_com_4uz,-3.61,-6.29,-2.38,2.68,-2.38,4.91
macro_tratado_6edi_com_4uz_ligante_tratado_6edi_com_4uz,-3.95,-6.64,-2.69,2.68,-2.69,4.91
macro_tratado_6edi_com_4uz_ligante_tratado_6edi_com_4uz,-4.7,-7.39,-3.29,2.68,-3.29,4.91
macro_tratado_6edi_com_4uz_ligante_tratado_6edi_com_4uz,-3.74,-6.42,-2.96,2.68,-2.96,4.91
macro_tratado_6edi_com_4uz_ligante_tratado_6edi_com_4uz,-3.21,-5.9,-2.98,2.68,-2.98,4.91
macro_tratado_6edi_com_4uz_ligante_tratado_6edi_com_4uz,-4.21,-6.89,-2.18,2.68,-2.18,4.92
macro_tratado_6edi_com_4uz_ligante_tratado_6edi_com_4uz,-2.68,-5.37,-3.22,2.68,-3.22,4.92
macro_tratado_6edi_com_4uz_ligante_tratado_6edi_com_4uz,-4.32,-7.01,-1.94,2.68,-1.94,4.92
macro_tratado_6edi_com_4uz_ligante_tratado_6edi_com_4uz,-4.04,-6.73,-2.1,2.68,-2.1,4.93
macro_tratado_6edi_com_4uz_ligante_tratado_6edi_com_4uz,-4.33,-7.02,-1.88,2.68,-1.88,4.93
macro_tratado_6edi_com_4uz_ligante_tratado_6edi_com_4uz,-3.56,-6.25,-3.1,2.68,-3.1,4.93
macro_tratado_6edi_com_4uz_ligante_tratado_6edi_com_4uz,-3.55,-6.23,-2.97,2.68,-2.97,4.94
macro_tratado_6edi_com_4uz_ligante_tratado_6edi_com_4uz,-3.37,-6.05,-2.41,2.68,-2.41,4.94
macro_tratado_6edi_com_4uz_ligante_tratado_6edi_com_4uz,-5.12,-7.81,-2.84,2.68,-2.84,4.96
macro_tratado_6edi_com_4uz_ligante_tratado_6edi_com_4uz,-2.32,-5.01,-3.45,2.68,-3.45,4.96
macro_tratado_6edi_com_4uz_ligante_tratado_6edi_com_4uz,-4.32,-7.01,-2.49,2.68,-2.49,4.97
macro_tratado_6edi_com_4uz_ligante_tratado_6edi_com_4uz,-4.17,-6.85,-1.95,2.68,-1.95,4.97
macro_tratado_6edi_com_4uz_ligante_tratado_6edi_com_4uz,-3.77,-6.46,-2.32,2.68,-2.32,4.97
macro_tratado_6edi_com_4uz_ligante_tratado_6edi_com_4uz,-2.8,-5.48,-2.89,2.68,-2.89,4.98
macro_tratado_6edi_com_4uz_ligante_tratado_6edi_com_4uz,-4.19,-6.87,-2.08,2.68,-2.08,5.0
macro_tratado_6edi_com_4uz_ligante_tratado_6edi_com_4uz,-4.86,-7.54,-2.86,2.68,-2.86,5.01
macro_tratado_6edi_com_4uz_ligante_tratado_6edi_com_4uz,-3.29,-5.98,-2.81,2.68,-2.81,5.01
macro_tratado_6edi_com_4uz_ligante_tratado_6edi_com_4uz,-3.82,-6.51,-1.88,2.68,-1.88,5.01
macro_tratado_6edi_com_4uz_ligante_tratado_6edi_com_4uz,-5.83,-8.51,-2.83,2.68,-2.83,5.01
macro_tratado_6edi_com_4uz_ligante_tratado_6edi_com_4uz,-3.65,-6.33,-2.76,2.68,-2.76,5.01
macro_tratado_6edi_com_4uz_ligante_tratado_6edi_com_4uz,-3.33,-6.01,-2.9,2.68,-2.9,5.02
macro_tratado_6edi_com_4uz_ligante_tratado_6edi_com_4uz,-5.33,-8.01,-2.68,2.68,-2.68,5.02
macro_tratado_6edi_com_4uz_ligante_tratado_6edi_com_4uz,-3.92,-6.6,-3.15,2.68,-3.15,5.02
macro_tratado_6edi_com_4uz_ligante_tratado_6edi_com_4uz,-3.8,-6.48,-2.42,2.68,-2.42,5.02
macro_tratado_6edi_com_4uz_ligante_tratado_6edi_com_4uz,-3.74,-6.43,-2.84,2.68,-2.84,5.03
macro_tratado_6edi_com_4uz_ligante_tratado_6edi_com_4uz,-3.52,-6.21,-2.35,2.68,-2.35,5.04
macro_tratado_6edi_com_4uz_ligante_tratado_6edi_com_4uz,-4.44,-7.12,-1.58,2.68,-1.58,5.04
macro_tratado_6edi_com_4uz_ligante_tratado_6edi_com_4uz,-4.25,-6.93,-2.57,2.68,-2.57,5.05
macro_tratado_6edi_com_4uz_ligante_tratado_6edi_com_4uz,-3.36,-6.05,-3.17,2.68,-3.17,5.06
macro_tratado_6edi_com_4uz_ligante_tratado_6edi_com_4uz,-3.87,-6.55,-2.09,2.68,-2.09,5.06
macro_tratado_6edi_com_4uz_ligante_tratado_6edi_com_4uz,-4.62,-7.31,-1.74,2.68,-1.74,5.07
macro_tratado_6edi_com_4uz_ligante_tratado_6edi_com_4uz,-4.1,-6.78,-2.72,2.68,-2.72,5.07
macro_tratado_6edi_com_4uz_ligante_tratado_6edi_com_4uz,-3.52,-6.2,-2.75,2.68,-2.75,5.08
macro_tratado_6edi_com_4uz_ligante_tratado_6edi_com_4uz,-3.05,-5.73,-3.11,2.68,-3.11,5.08
macro_tratado_6edi_com_4uz_ligante_tratado_6edi_com_4uz,-3.39,-6.07,-2.81,2.68,-2.81,5.08
macro_tratado_6edi_com_4uz_ligante_tratado_6edi_com_4uz,-3.13,-5.82,-2.68,2.68,-2.68,5.08
macro_tratado_6edi_com_4uz_ligante_tratado_6edi_com_4uz,-3.45,-6.14,-2.32,2.68,-2.32,5.08
macro_tratado_6edi_com_4uz_ligante_tratado_6edi_com_4uz,-3.75,-6.44,-2.8,2.68,-2.8,5.09
macro_tratado_6edi_com_4uz_ligante_tratado_6edi_com_4uz,-3.09,-5.78,-3.16,2.68,-3.16,5.1
macro_tratado_6edi_com_4uz_ligante_tratado_6edi_com_4uz,-3.12,-5.81,-3.01,2.68,-3.01,5.11
macro_tratado_6edi_com_4uz_ligante_tratado_6edi_com_4uz,-3.43,-6.12,-2.67,2.68,-2.67,5.13
macro_tratado_6edi_com_4uz_ligante_tratado_6edi_com_4uz,-4.21,-6.89,-2.06,2.68,-2.06,5.13
macro_tratado_6edi_com_4uz_ligante_tratado_6edi_com_4uz,-2.74,-5.42,-3.0,2.68,-3.0,5.13
macro_tratado_6edi_com_4uz_ligante_tratado_6edi_com_4uz,-3.4,-6.09,-2.45,2.68,-2.45,5.13
macro_tratado_6edi_com_4uz_ligante_tratado_6edi_com_4uz,-4.28,-6.96,-2.33,2.68,-2.33,5.14
macro_tratado_6edi_com_4uz_ligante_tratado_6edi_com_4uz,-4.75,-7.43,-2.37,2.68,-2.37,5.14
macro_tratado_6edi_com_4uz_ligante_tratado_6edi_com_4uz,-3.97,-6.66,-2.45,2.68,-2.45,5.15
macro_tratado_6edi_com_4uz_ligante_tratado_6edi_com_4uz,-2.45,-5.14,-3.59,2.68,-3.59,5.15
macro_tratado_6edi_com_4uz_ligante_tratado_6edi_com_4uz,-4.71,-7.39,-2.84,2.68,-2.84,5.16
macro_tratado_6edi_com_4uz_ligante_tratado_6edi_com_4uz,-2.92,-5.61,-3.34,2.68,-3.34,5.17
macro_tratado_6edi_com_4uz_ligante_tratado_6edi_com_4uz,-2.78,-5.47,-3.0,2.68,-3.0,5.17
macro_tratado_6edi_com_4uz_ligante_tratado_6edi_com_4uz,-4.68,-7.37,-2.55,2.68,-2.55,5.17
macro_tratado_6edi_com_4uz_ligante_tratado_6edi_com_4uz,-3.63,-6.32,-2.33,2.68,-2.33,5.17
macro_tratado_6edi_com_4uz_ligante_tratado_6edi_com_4uz,-3.08,-5.76,-2.71,2.68,-2.71,5.18
macro_tratado_6edi_com_4uz_ligante_tratado_6edi_com_4uz,-4.15,-6.84,-2.06,2.68,-2.06,5.18
macro_tratado_6edi_com_4uz_ligante_tratado_6edi_com_4uz,-3.71,-6.4,-2.66,2.68,-2.66,5.19
macro_tratado_6edi_com_4uz_ligante_tratado_6edi_com_4uz,-4.39,-7.08,-3.04,2.68,-3.04,5.2
macro_tratado_6edi_com_4uz_ligante_tratado_6edi_com_4uz,-3.1,-5.78,-3.01,2.68,-3.01,5.2
macro_tratado_6edi_com_4uz_ligante_tratado_6edi_com_4uz,-3.82,-6.5,-2.74,2.68,-2.74,5.2
macro_tratado_6edi_com_4uz_ligante_tratado_6edi_com_4uz,-3.5,-6.18,-2.63,2.68,-2.63,5.21
macro_tratado_6edi_com_4uz_ligante_tratado_6edi_com_4uz,-4.27,-6.96,-3.07,2.68,-3.07,5.22
macro_tratado_6edi_com_4uz_ligante_tratado_6edi_com_4uz,-4.47,-7.15,-2.79,2.68,-2.79,5.22
macro_tratado_6edi_com_4uz_ligante_tratado_6edi_com_4uz,-2.71,-5.39,-2.88,2.68,-2.88,5.23
macro_tratado_6edi_com_4uz_ligante_tratado_6edi_com_4uz,-3.61,-6.29,-2.64,2.68,-2.64,5.23
macro_tratado_6edi_com_4uz_ligante_tratado_6edi_com_4uz,-2.94,-5.62,-2.44,2.68,-2.44,5.24
macro_tratado_6edi_com_4uz_ligante_tratado_6edi_com_4uz,-3.61,-6.3,-3.14,2.68,-3.14,5.25
macro_tratado_6edi_com_4uz_ligante_tratado_6edi_com_4uz,-4.09,-6.78,-2.03,2.68,-2.03,5.26
macro_tratado_6edi_com_4uz_ligante_tratado_6edi_com_4uz,-3.78,-6.47,-3.14,2.68,-3.14,5.27
macro_tratado_6edi_com_4uz_ligante_tratado_6edi_com_4uz,-4.16,-6.84,-3.0,2.68,-3.0,5.27
macro_tratado_6edi_com_4uz_ligante_tratado_6edi_com_4uz,-4.3,-6.98,-2.68,2.68,-2.68,5.27
macro_tratado_6edi_com_4uz_ligante_tratado_6edi_com_4uz,-3.95,-6.63,-3.06,2.68,-3.06,5.27
macro_tratado_6edi_com_4uz_ligante_tratado_6edi_com_4uz,-4.13,-6.82,-3.14,2.68,-3.14,5.28
macro_tratado_6edi_com_4uz_ligante_tratado_6edi_com_4uz,-4.4,-7.08,-2.07,2.68,-2.07,5.29
macro_tratado_6edi_com_4uz_ligante_tratado_6edi_com_4uz,-3.8,-6.49,-2.7,2.68,-2.7,5.29
macro_tratado_6edi_com_4uz_ligante_tratado_6edi_com_4uz,-4.6,-7.29,-1.97,2.68,-1.97,5.29
macro_tratado_6edi_com_4uz_ligante_tratado_6edi_com_4uz,-4.6,-7.28,-2.26,2.68,-2.26,5.29
macro_tratado_6edi_com_4uz_ligante_tratado_6edi_com_4uz,-3.7,-6.38,-2.56,2.68,-2.56,5.29
macro_tratado_6edi_com_4uz_ligante_tratado_6edi_com_4uz,-3.93,-6.61,-2.6,2.68,-2.6,5.29
macro_tratado_6edi_com_4uz_ligante_tratado_6edi_com_4uz,-3.65,-6.34,-3.39,2.68,-3.39,5.3
macro_tratado_6edi_com_4uz_ligante_tratado_6edi_com_4uz,-4.16,-6.84,-2.94,2.68,-2.94,5.3
macro_tratado_6edi_com_4uz_ligante_tratado_6edi_com_4uz,-4.61,-7.29,-2.13,2.68,-2.13,5.31
macro_tratado_6edi_com_4uz_ligante_tratado_6edi_com_4uz,-4.07,-6.75,-3.22,2.68,-3.22,5.32
macro_tratado_6edi_com_4uz_ligante_tratado_6edi_com_4uz,-2.99,-5.68,-3.17,2.68,-3.17,5.32
macro_tratado_6edi_com_4uz_ligante_tratado_6edi_com_4uz,-3.58,-6.26,-3.07,2.68,-3.07,5.33
macro_tratado_6edi_com_4uz_ligante_tratado_6edi_com_4uz,-3.87,-6.56,-2.83,2.68,-2.83,5.33
macro_tratado_6edi_com_4uz_ligante_tratado_6edi_com_4uz,-3.28,-5.97,-2.87,2.68,-2.87,5.33
macro_tratado_6edi_com_4uz_ligante_tratado_6edi_com_4uz,-4.54,-7.23,-3.0,2.68,-3.0,5.34
macro_tratado_6edi_com_4uz_ligante_tratado_6edi_com_4uz,-5.15,-7.84,-1.56,2.68,-1.56,5.35
macro_tratado_6edi_com_4uz_ligante_tratado_6edi_com_4uz,-4.02,-6.7,-2.33,2.68,-2.33,5.35
macro_tratado_6edi_com_4uz_ligante_tratado_6edi_com_4uz,-3.51,-6.19,-2.38,2.68,-2.38,5.35
macro_tratado_6edi_com_4uz_ligante_tratado_6edi_com_4uz,-4.7,-7.38,-1.94,2.68,-1.94,5.35
macro_tratado_6edi_com_4uz_ligante_tratado_6edi_com_4uz,-3.49,-6.17,-2.29,2.68,-2.29,5.36
macro_tratado_6edi_com_4uz_ligante_tratado_6edi_com_4uz,-4.07,-6.76,-2.33,2.68,-2.33,5.36
macro_tratado_6edi_com_4uz_ligante_tratado_6edi_com_4uz,-3.72,-6.41,-2.84,2.68,-2.84,5.36
macro_tratado_6edi_com_4uz_ligante_tratado_6edi_com_4uz,-3.31,-5.99,-3.16,2.68,-3.16,5.36
macro_tratado_6edi_com_4uz_ligante_tratado_6edi_com_4uz,-2.93,-5.61,-2.69,2.68,-2.69,5.36
macro_tratado_6edi_com_4uz_ligante_tratado_6edi_com_4uz,-4.19,-6.88,-3.09,2.68,-3.09,5.37
macro_tratado_6edi_com_4uz_ligante_tratado_6edi_com_4uz,-4.94,-7.63,-2.77,2.68,-2.77,5.37
macro_tratado_6edi_com_4uz_ligante_tratado_6edi_com_4uz,-4.78,-7.46,-2.61,2.68,-2.61,5.37
macro_tratado_6edi_com_4uz_ligante_tratado_6edi_com_4uz,-4.27,-6.96,-2.76,2.68,-2.76,5.38
macro_tratado_6edi_com_4uz_ligante_tratado_6edi_com_4uz,-4.87,-7.55,-2.48,2.68,-2.48,5.38
macro_tratado_6edi_com_4uz_ligante_tratado_6edi_com_4uz,-4.33,-7.01,-2.6,2.68,-2.6,5.39
macro_tratado_6edi_com_4uz_ligante_tratado_6edi_com_4uz,-4.41,-7.09,-2.42,2.68,-2.42,5.39
macro_tratado_6edi_com_4uz_ligante_tratado_6edi_com_4uz,-4.02,-6.71,-3.15,2.68,-3.15,5.42
macro_tratado_6edi_com_4uz_ligante_tratado_6edi_com_4uz,-4.73,-7.41,-2.48,2.68,-2.48,5.42
macro_tratado_6edi_com_4uz_ligante_tratado_6edi_com_4uz,-4.47,-7.16,-2.7,2.68,-2.7,5.42
macro_tratado_6edi_com_4uz_ligante_tratado_6edi_com_4uz,-3.61,-6.29,-2.97,2.68,-2.97,5.42
macro_tratado_6edi_com_4uz_ligante_tratado_6edi_com_4uz,-4.84,-7.53,-2.28,2.68,-2.28,5.43
macro_tratado_6edi_com_4uz_ligante_tratado_6edi_com_4uz,-4.92,-7.6,-1.9,2.68,-1.9,5.43
macro_tratado_6edi_com_4uz_ligante_tratado_6edi_com_4uz,-4.45,-7.14,-2.4,2.68,-2.4,5.43
macro_tratado_6edi_com_4uz_ligante_tratado_6edi_com_4uz,-4.05,-6.73,-2.43,2.68,-2.43,5.43
macro_tratado_6edi_com_4uz_ligante_tratado_6edi_com_4uz,-3.76,-6.44,-2.58,2.68,-2.58,5.44
macro_tratado_6edi_com_4uz_ligante_tratado_6edi_com_4uz,-3.48,-6.17,-3.14,2.68,-3.14,5.44
macro_tratado_6edi_com_4uz_ligante_tratado_6edi_com_4uz,-4.38,-7.06,-2.69,2.68,-2.69,5.44
macro_tratado_6edi_com_4uz_ligante_tratado_6edi_com_4uz,-4.08,-6.76,-2.42,2.68,-2.42,5.45
macro_tratado_6edi_com_4uz_ligante_tratado_6edi_com_4uz,-3.64,-6.32,-2.73,2.68,-2.73,5.45
macro_tratado_6edi_com_4uz_ligante_tratado_6edi_com_4uz,-4.57,-7.25,-2.3,2.68,-2.3,5.45
macro_tratado_6edi_com_4uz_ligante_tratado_6edi_com_4uz,-4.5,-7.19,-3.09,2.68,-3.09,5.46
macro_tratado_6edi_com_4uz_ligante_tratado_6edi_com_4uz,-3.66,-6.34,-2.99,2.68,-2.99,5.46
macro_tratado_6edi_com_4uz_ligante_tratado_6edi_com_4uz,-3.6,-6.29,-3.17,2.68,-3.17,5.46
macro_tratado_6edi_com_4uz_ligante_tratado_6edi_com_4uz,-4.25,-6.94,-2.23,2.68,-2.23,5.47
macro_tratado_6edi_com_4uz_ligante_tratado_6edi_com_4uz,-3.88,-6.57,-2.86,2.68,-2.86,5.48
macro_tratado_6edi_com_4uz_ligante_tratado_6edi_com_4uz,-3.99,-6.68,-2.96,2.68,-2.96,5.49
macro_tratado_6edi_com_4uz_ligante_tratado_6edi_com_4uz,-4.42,-7.1,-3.03,2.68,-3.03,5.49
macro_tratado_6edi_com_4uz_ligante_tratado_6edi_com_4uz,-3.04,-5.73,-2.15,2.68,-2.15,5.5
macro_tratado_6edi_com_4uz_ligante_tratado_6edi_com_4uz,-4.48,-7.16,-1.83,2.68,-1.83,5.5
macro_tratado_6edi_com_4uz_ligante_tratado_6edi_com_4uz,-3.76,-6.44,-2.42,2.68,-2.42,5.51
macro_tratado_6edi_com_4uz_ligante_tratado_6edi_com_4uz,-3.57,-6.25,-2.9,2.68,-2.9,5.52
macro_tratado_6edi_com_4uz_ligante_tratado_6edi_com_4uz,-5.21,-7.89,-2.04,2.68,-2.04,5.53
macro_tratado_6edi_com_4uz_ligante_tratado_6edi_com_4uz,-4.52,-7.21,-2.27,2.68,-2.27,5.53
macro_tratado_6edi_com_4uz_ligante_tratado_6edi_com_4uz,-3.16,-5.84,-2.33,2.68,-2.33,5.53
macro_tratado_6edi_com_4uz_ligante_tratado_6edi_com_4uz,-5.12,-7.8,-2.08,2.68,-2.08,5.53
macro_tratado_6edi_com_4uz_ligante_tratado_6edi_com_4uz,-3.6,-6.29,-3.07,2.68,-3.07,5.54
macro_tratado_6edi_com_4uz_ligante_tratado_6edi_com_4uz,-3.41,-6.1,-2.97,2.68,-2.97,5.55
macro_tratado_6edi_com_4uz_ligante_tratado_6edi_com_4uz,-4.35,-7.03,-2.53,2.68,-2.53,5.56
macro_tratado_6edi_com_4uz_ligante_tratado_6edi_com_4uz,-3.86,-6.54,-2.65,2.68,-2.65,5.57
macro_tratado_6edi_com_4uz_ligante_tratado_6edi_com_4uz,-3.92,-6.6,-2.85,2.68,-2.85,5.57
macro_tratado_6edi_com_4uz_ligante_tratado_6edi_com_4uz,-3.89,-6.58,-2.7,2.68,-2.7,5.58
macro_tratado_6edi_com_4uz_ligante_tratado_6edi_com_4uz,-3.73,-6.42,-2.33,2.68,-2.33,5.58
macro_tratado_6edi_com_4uz_ligante_tratado_6edi_com_4uz,-3.79,-6.47,-2.05,2.68,-2.05,5.6
macro_tratado_6edi_com_4uz_ligante_tratado_6edi_com_4uz,-3.58,-6.26,-2.66,2.68,-2.66,5.6
macro_tratado_6edi_com_4uz_ligante_tratado_6edi_com_4uz,-4.4,-7.09,-2.0,2.68,-2.0,5.6
macro_tratado_6edi_com_4uz_ligante_tratado_6edi_com_4uz,-3.21,-5.89,-2.71,2.68,-2.71,5.62
macro_tratado_6edi_com_4uz_ligante_tratado_6edi_com_4uz,-4.57,-7.25,-2.37,2.68,-2.37,5.62
macro_tratado_6edi_com_4uz_ligante_tratado_6edi_com_4uz,-3.67,-6.35,-1.68,2.68,-1.68,5.63
macro_tratado_6edi_com_4uz_ligante_tratado_6edi_com_4uz,-4.12,-6.8,-2.39,2.68,-2.39,5.64
macro_tratado_6edi_com_4uz_ligante_tratado_6edi_com_4uz,-4.69,-7.38,-2.55,2.68,-2.55,5.64
macro_tratado_6edi_com_4uz_ligante_tratado_6edi_com_4uz,-4.54,-7.22,-2.23,2.68,-2.23,5.64
macro_tratado_6edi_com_4uz_ligante_tratado_6edi_com_4uz,-5.79,-8.47,-1.92,2.68,-1.92,5.64
macro_tratado_6edi_com_4uz_ligante_tratado_6edi_com_4uz,-4.57,-7.26,-3.04,2.68,-3.04,5.65
macro_tratado_6edi_com_4uz_ligante_tratado_6edi_com_4uz,-4.78,-7.46,-2.62,2.68,-2.62,5.65
macro_tratado_6edi_com_4uz_ligante_tratado_6edi_com_4uz,-3.28,-5.97,-2.95,2.68,-2.95,5.66
macro_tratado_6edi_com_4uz_ligante_tratado_6edi_com_4uz,-5.02,-7.7,-1.78,2.68,-1.78,5.66
macro_tratado_6edi_com_4uz_ligante_tratado_6edi_com_4uz,-3.02,-5.7,-2.4,2.68,-2.4,5.66
macro_tratado_6edi_com_4uz_ligante_tratado_6edi_com_4uz,-3.73,-6.41,-2.54,2.68,-2.54,5.67
macro_tratado_6edi_com_4uz_ligante_tratado_6edi_com_4uz,-4.86,-7.54,-2.37,2.68,-2.37,5.68
macro_tratado_6edi_com_4uz_ligante_tratado_6edi_com_4uz,-3.35,-6.03,-2.5,2.68,-2.5,5.68
macro_tratado_6edi_com_4uz_ligante_tratado_6edi_com_4uz,-2.54,-5.23,-3.26,2.68,-3.26,5.69
macro_tratado_6edi_com_4uz_ligante_tratado_6edi_com_4uz,-4.15,-6.83,-1.99,2.68,-1.99,5.69
macro_tratado_6edi_com_4uz_ligante_tratado_6edi_com_4uz,-3.8,-6.49,-2.51,2.68,-2.51,5.69
macro_tratado_6edi_com_4uz_ligante_tratado_6edi_com_4uz,-4.0,-6.69,-1.99,2.68,-1.99,5.69
macro_tratado_6edi_com_4uz_ligante_tratado_6edi_com_4uz,-3.14,-5.82,-2.36,2.68,-2.36,5.71
macro_tratado_6edi_com_4uz_ligante_tratado_6edi_com_4uz,-3.75,-6.44,-2.31,2.68,-2.31,5.71
macro_tratado_6edi_com_4uz_ligante_tratado_6edi_com_4uz,-5.14,-7.82,-3.35,2.68,-3.35,5.71
macro_tratado_6edi_com_4uz_ligante_tratado_6edi_com_4uz,-3.82,-6.5,-2.22,2.68,-2.22,5.72
macro_tratado_6edi_com_4uz_ligante_tratado_6edi_com_4uz,-3.98,-6.66,-2.74,2.68,-2.74,5.73
macro_tratado_6edi_com_4uz_ligante_tratado_6edi_com_4uz,-2.87,-5.55,-2.73,2.68,-2.73,5.75
macro_tratado_6edi_com_4uz_ligante_tratado_6edi_com_4uz,-5.34,-8.03,-2.67,2.68,-2.67,5.75
macro_tratado_6edi_com_4uz_ligante_tratado_6edi_com_4uz,-4.84,-7.53,-2.51,2.68,-2.51,5.77
macro_tratado_6edi_com_4uz_ligante_tratado_6edi_com_4uz,-3.84,-6.53,-2.41,2.68,-2.41,5.8
macro_tratado_6edi_com_4uz_ligante_tratado_6edi_com_4uz,-4.37,-7.05,-1.79,2.68,-1.79,5.8
macro_tratado_6edi_com_4uz_ligante_tratado_6edi_com_4uz,-4.37,-7.06,-3.05,2.68,-3.05,5.82
macro_tratado_6edi_com_4uz_ligante_tratado_6edi_com_4uz,-5.12,-7.8,-2.73,2.68,-2.73,5.82
macro_tratado_6edi_com_4uz_ligante_tratado_6edi_com_4uz,-2.9,-5.58,-2.38,2.68,-2.38,5.82
macro_tratado_6edi_com_4uz_ligante_tratado_6edi_com_4uz,-4.75,-7.43,-2.56,2.68,-2.56,5.84
macro_tratado_6edi_com_4uz_ligante_tratado_6edi_com_4uz,-4.66,-7.35,-2.5,2.68,-2.5,5.84
macro_tratado_6edi_com_4uz_ligante_tratado_6edi_com_4uz,-3.86,-6.55,-2.8,2.68,-2.8,5.85
macro_tratado_6edi_com_4uz_ligante_tratado_6edi_com_4uz,-4.24,-6.92,-2.18,2.68,-2.18,5.85
macro_tratado_6edi_com_4uz_ligante_tratado_6edi_com_4uz,-3.47,-6.15,-3.05,2.68,-3.05,5.87
macro_tratado_6edi_com_4uz_ligante_tratado_6edi_com_4uz,-3.08,-5.77,-3.03,2.68,-3.03,5.88
macro_tratado_6edi_com_4uz_ligante_tratado_6edi_com_4uz,-4.21,-6.89,-2.72,2.68,-2.72,5.91
macro_tratado_6edi_com_4uz_ligante_tratado_6edi_com_4uz,-3.4,-6.08,-2.73,2.68,-2.73,5.91
macro_tratado_6edi_com_4uz_ligante_tratado_6edi_com_4uz,-4.07,-6.75,-1.93,2.68,-1.93,5.92
macro_tratado_6edi_com_4uz_ligante_tratado_6edi_com_4uz,-4.05,-6.73,-2.84,2.68,-2.84,5.93
macro_tratado_6edi_com_4uz_ligante_tratado_6edi_com_4uz,-3.7,-6.38,-3.14,2.68,-3.14,5.94
macro_tratado_6edi_com_4uz_ligante_tratado_6edi_com_4uz,-2.87,-5.55,-2.52,2.68,-2.52,5.96
macro_tratado_6edi_com_4uz_ligante_tratado_6edi_com_4uz,-5.78,-8.47,-1.28,2.68,-1.28,5.96
macro_tratado_6edi_com_4uz_ligante_tratado_6edi_com_4uz,-4.73,-7.41,-2.97,2.68,-2.97,5.98
macro_tratado_6edi_com_4uz_ligante_tratado_6edi_com_4uz,-4.07,-6.75,-2.75,2.68,-2.75,6.0
macro_tratado_6edi_com_4uz_ligante_tratado_6edi_com_4uz,-5.33,-8.01,-2.37,2.68,-2.37,6.01
macro_tratado_6edi_com_4uz_ligante_tratado_6edi_com_4uz,-5.45,-8.13,-2.47,2.68,-2.47,6.02
macro_tratado_6edi_com_4uz_ligante_tratado_6edi_com_4uz,-5.12,-7.81,-2.63,2.68,-2.63,6.02
macro_tratado_6edi_com_4uz_ligante_tratado_6edi_com_4uz,-3.34,-6.03,-2.78,2.68,-2.78,6.03
macro_tratado_6edi_com_4uz_ligante_tratado_6edi_com_4uz,-3.43,-6.12,-2.35,2.68,-2.35,6.03
macro_tratado_6edi_com_4uz_ligante_tratado_6edi_com_4uz,-3.77,-6.46,-2.35,2.68,-2.35,6.04
macro_tratado_6edi_com_4uz_ligante_tratado_6edi_com_4uz,-4.42,-7.1,-2.13,2.68,-2.13,6.04
macro_tratado_6edi_com_4uz_ligante_tratado_6edi_com_4uz,-4.68,-7.37,-1.88,2.68,-1.88,6.07
macro_tratado_6edi_com_4uz_ligante_tratado_6edi_com_4uz,-3.71,-6.4,-2.23,2.68,-2.23,6.07
macro_tratado_6edi_com_4uz_ligante_tratado_6edi_com_4uz,-3.45,-6.13,-2.76,2.68,-2.76,6.08
macro_tratado_6edi_com_4uz_ligante_tratado_6edi_com_4uz,-5.62,-8.3,-2.46,2.68,-2.46,6.08
macro_tratado_6edi_com_4uz_ligante_tratado_6edi_com_4uz,-5.26,-7.94,-2.73,2.68,-2.73,6.08
macro_tratado_6edi_com_4uz_ligante_tratado_6edi_com_4uz,-5.07,-7.76,-1.66,2.68,-1.66,6.1
macro_tratado_6edi_com_4uz_ligante_tratado_6edi_com_4uz,-5.65,-8.33,-1.94,2.68,-1.94,6.11
macro_tratado_6edi_com_4uz_ligante_tratado_6edi_com_4uz,-2.93,-5.62,-2.29,2.68,-2.29,6.11
macro_tratado_6edi_com_4uz_ligante_tratado_6edi_com_4uz,-4.54,-7.22,-2.08,2.68,-2.08,6.11
macro_tratado_6edi_com_4uz_ligante_tratado_6edi_com_4uz,-3.96,-6.65,-1.8,2.68,-1.8,6.12
macro_tratado_6edi_com_4uz_ligante_tratado_6edi_com_4uz,-4.85,-7.54,-1.75,2.68,-1.75,6.14
macro_tratado_6edi_com_4uz_ligante_tratado_6edi_com_4uz,-4.3,-6.99,-1.54,2.68,-1.54,6.15
macro_tratado_6edi_com_4uz_ligante_tratado_6edi_com_4uz,-3.82,-6.51,-2.41,2.68,-2.41,6.16
macro_tratado_6edi_com_4uz_ligante_tratado_6edi_com_4uz,-4.29,-6.97,-2.59,2.68,-2.59,6.16
macro_tratado_6edi_com_4uz_ligante_tratado_6edi_com_4uz,-3.0,-5.68,-2.97,2.68,-2.97,6.17
macro_tratado_6edi_com_4uz_ligante_tratado_6edi_com_4uz,-4.11,-6.79,-2.16,2.68,-2.16,6.17
macro_tratado_6edi_com_4uz_ligante_tratado_6edi_com_4uz,-3.76,-6.44,-2.55,2.68,-2.55,6.18
macro_tratado_6edi_com_4uz_ligante_tratado_6edi_com_4uz,-3.1,-5.79,-2.87,2.68,-2.87,6.21
macro_tratado_6edi_com_4uz_ligante_tratado_6edi_com_4uz,-4.77,-7.45,-1.92,2.68,-1.92,6.25
macro_tratado_6edi_com_4uz_ligante_tratado_6edi_com_4uz,-5.11,-7.79,-2.12,2.68,-2.12,6.28
macro_tratado_6edi_com_4uz_ligante_tratado_6edi_com_4uz,-5.43,-8.12,-2.58,2.68,-2.58,6.29
macro_tratado_6edi_com_4uz_ligante_tratado_6edi_com_4uz,-5.8,-8.49,-1.99,2.68,-1.99,6.31
macro_tratado_6edi_com_4uz_ligante_tratado_6edi_com_4uz,-5.77,-8.45,-2.6,2.68,-2.6,6.32
macro_tratado_6edi_com_4uz_ligante_tratado_6edi_com_4uz,-4.1,-6.79,-2.13,2.68,-2.13,6.36
macro_tratado_6edi_com_4uz_ligante_tratado_6edi_com_4uz,-5.03,-7.71,-2.17,2.68,-2.17,6.37
macro_tratado_6edi_com_4uz_ligante_tratado_6edi_com_4uz,-4.25,-6.94,-2.65,2.68,-2.65,6.4
macro_tratado_6edi_com_4uz_ligante_tratado_6edi_com_4uz,-3.3,-5.98,-2.7,2.68,-2.7,6.52
macro_tratado_6edi_com_4uz_ligante_tratado_6edi_com_4uz,-3.11,-5.79,-2.27,2.68,-2.27,6.52
macro_tratado_6edi_com_4uz_ligante_tratado_6edi_com_4uz,-5.3,-7.98,-2.22,2.68,-2.22,6.55
macro_tratado_6edi_com_4uz_ligante_tratado_6edi_com_4uz,-3.9,-6.59,-1.84,2.68,-1.84,6.58
macro_tratado_6edi_com_4uz_ligante_tratado_6edi_com_4uz,-4.38,-7.06,-2.45,2.68,-2.45,6.58
macro_tratado_6edi_com_4uz_ligante_tratado_6edi_com_4uz,-5.05,-7.74,-2.81,2.68,-2.81,6.59
macro_tratado_6edi_com_4uz_ligante_tratado_6edi_com_4uz,-4.71,-7.39,-1.42,2.68,-1.42,6.76
macro_tratado_6edi_com_4uz_ligante_tratado_6edi_com_4uz,-3.7,-6.38,-2.69,2.68,-2.69,7.28
macro_tratado_6edi_com_4uz_ligante_tratado_6edi_com_4uz,-3.55,-6.24,-2.71,2.68,-2.71,7.42
macro_tratado_6edi_com_4uz_ligante_tratado_6edi_com_4uz,-4.25,-6.93,-2.2,2.68,-2.2,8.1
